{
  "c2_5p210_5_01":0.0034693449134867993,
  "c2_3p197_2_01":0.09291224065622394,
  "c3_3p210_10_111":-0.03829303629183267,
  "c3_3p210_11_000":0.0014143101359715415,
  "c3_3p210_11_100":0.004276474240649142,
  "c4_3p210_39_1111":-0.03962230418609236,
  "c2_4p530_4_11":-0.003095410134141885,
  "c4_3p210_39_1001":-0.00031366018989009703,
  "c2_3p197_2_00":0.0032667377871359315,
  "c0":-2.1685650341866722,
  "c4_3p210_39_0001":-0.00019218435422371782,
  "c2_4p530_4_00":-0.009284049990171517,
  "c3_3p210_11_111":-0.06237334995961519,
  "c2_3p197_2_11":-0.03522377231185653,
  "c3_3p210_11_001":0.019583673984760797,
  "c4_3p210_39_0000":0.0033170555658625644,
  "c2_5p210_5_11":-0.0006949038278307174,
  "c3_3p210_10_001":0.006677205849321188,
  "c4_3p210_39_0011":0.012528221880194312,
  "c1_0":-0.8213963783831213,
  "c3_3p210_10_000":-9.524370065516763e-06,
  "c4_3p210_39_0111":0.017245404391962982,
  "c2_4p530_4_01":-0.024545753280461713,
  "c2_3p210_3_00":0.010303403695524516,
  "c2_3p210_3_11":-0.07006457094917995,
  "c2_3p210_3_01":0.01852209350881573,
  "c3_3p210_11_101":0.004204240339369392,
  "c4_3p210_39_1011":-8.319188533434385e-05,
  "c4_3p210_39_1000":0.0007994859714238745,
  "c1_1":0.6357506440182163,
  "c2_5p210_5_00":-0.0034662780595412362,
  "c3_3p210_11_011":0.06307095927606698,
  "c3_3p210_10_011":-0.012008739226303078
}