{
  "c3_6p420_32_000":-0.391480519875131,
  "c4_4p530_41_0001":-0.005737172255591005,
  "c3_6p420_32_011":-0.05070125840552464,
  "c3_5p552_17_000":0.002905361776424087,
  "c4_3p210_39_0111":-0.0003394529976361582,
  "c3_6p119_27_000":0.0007569420585458175,
  "c3_6p420_36_101":0.02535101424155073,
  "c2_5p560_7_01":-0.035852515866451995,
  "c3_6p119_24_010":-0.007888025687368128,
  "c3_6p119_24_001":0.0006875004765225512,
  "c3_6p119_26_111":0.0002233210660138596,
  "c4_4p530_40_1111":0.004381504933299141,
  "c4_5p210_44_1111":-0.007844411469360324,
  "c3_5p560_20_111":-0.004692864716634659,
  "c1_1":0.07691635809812503,
  "c3_6p420_38_100":0.06269058179069731,
  "c3_6p119_29_101":0.024856867242363023,
  "c4_4p530_41_1111":-0.020651687165759824,
  "c3_6p119_26_011":0.01666851918616885,
  "c3_6p119_29_010":0.0055460403831624205,
  "c3_5p552_16_111":-0.008822469566988733,
  "c3_6p420_37_111":-0.2666209355116198,
  "c2_5p552_6_00":0.0016763998373430233,
  "c4_3p210_39_1001":-0.01669196811509721,
  "c3_5p210_13_101":0.01789686435509452,
  "c4_5p210_44_0111":-0.0037111462924599437,
  "c2_6p119_8_01":0.005103942449480314,
  "c3_6p119_27_101":0.010225195955858801,
  "c4_4p530_42_0111":0.022197529765648483,
  "c3_6p420_36_000":-4.941232281314199e-09,
  "c3_4p530_12_100":0.001002145041251623,
  "c4_5p210_43_1001":0.014507926801304194,
  "c2_6p420_9_01":0.017925829693581363,
  "c3_6p119_25_110":0.0024336066310564064,
  "c2_5p560_7_00":0.0020928887407993813,
  "c3_6p420_32_100":0.054922226087988246,
  "c3_5p210_13_000":-0.0002632785516736291,
  "c4_5p210_43_0011":5.093273730949477e-05,
  "c2_6p119_8_11":0.020118287003271007,
  "c3_6p119_28_011":0.016668519229099843,
  "c3_6p119_25_111":-0.003142452582348909,
  "c3_6p119_25_000":0.0008452101743348095,
  "c2_4p530_4_01":-0.0018900271311181882,
  "c3_5p210_13_011":-0.010487949396321028,
  "c4_5p210_43_0111":0.006512170109509441,
  "c3_5p560_23_000":0.001831717767149188,
  "c2_5p552_6_01":0.014798841401216123,
  "c3_6p420_38_101":-0.0036090323467892205,
  "c3_5p560_21_011":-0.006079184532026716,
  "c3_6p420_35_100":0.08012046992877586,
  "c3_6p420_33_011":-0.014886589237036674,
  "c4_4p530_42_0000":-0.0021097040893829355,
  "c4_4p530_42_1111":-0.03335362804530462,
  "c4_4p530_42_1100":0.029654160903053395,
  "c2_4p530_4_11":-0.004531295207870656,
  "c4_5p210_43_0100":0.007244268686967814,
  "c4_4p530_40_0111":0.031057502515196234,
  "c3_6p119_27_011":-0.006266420134160455,
  "c3_6p119_30_011":-0.006266421211947204,
  "c3_5p210_13_001":0.006848679305740291,
  "c3_6p119_31_011":0.016668519258779213,
  "c2_5p210_5_01":-0.00047766204905919096,
  "c4_5p210_43_1111":-0.005755192344466309,
  "c3_3p210_10_001":0.005553229482701205,
  "c3_5p560_21_001":0.004197626531249554,
  "c3_6p420_33_101":-0.010464363357243656,
  "c3_5p560_20_010":0.0026798201264277566,
  "c3_5p560_23_100":0.005553229472616383,
  "c4_5p210_44_1101":-0.027428377627039424,
  "c3_6p119_24_000":0.000845210166596666,
  "c3_6p420_36_100":0.054922222477142846,
  "c3_6p119_31_000":-0.0005123823157952012,
  "c3_5p552_18_110":0.0010745380174554953,
  "c3_5p560_22_111":-0.004692872073026155,
  "c3_3p210_10_000":0.0018317177593161205,
  "c3_5p210_13_111":-0.01656839632508067,
  "c3_3p210_11_111":-0.008822468734865474,
  "c3_5p552_17_111":-0.004692866768811754,
  "c3_6p119_29_000":-0.0009154724744515619,
  "c3_5p560_23_011":0.003547137748540763,
  "c3_5p560_22_011":0.008847120965072008,
  "c4_5p210_43_0001":-0.006781798033298259,
  "c3_6p420_36_111":0.09891050002104951,
  "c4_4p530_42_0001":-0.0006383108223673162,
  "c3_5p560_20_001":0.0010021450271864296,
  "c3_5p552_17_110":0.008847125079434193,
  "c3_5p560_19_011":0.0035471376656133202,
  "c3_6p420_32_111":0.0989105014542897,
  "c3_6p420_35_011":-0.02668740411024828,
  "c2_3p197_2_00":0.00167639977050138,
  "c2_3p197_2_01":0.014798837872149306,
  "c3_5p560_22_110":0.0025186993711940886,
  "c4_4p530_41_0100":0.0190145222395941,
  "c4_4p530_42_1101":0.020243254617540174,
  "c3_6p420_35_000":-0.024014500057944588,
  "c3_6p420_38_000":-0.028959983845368242,
  "c2_3p197_2_11":0.008598446021011341,
  "c4_5p210_44_1100":0.011904011020817507,
  "c3_5p560_22_100":-0.004789203138924947,
  "c3_6p420_37_000":-0.038026427186309775,
  "c3_6p119_24_110":0.0024336067775863057,
  "c3_6p420_36_011":-0.05070190018204812,
  "c3_6p420_34_000":-0.03581531086462064,
  "c4_5p210_44_0011":0.016157275936215854,
  "c3_6p119_27_100":-0.0003030057775106343,
  "c3_6p420_35_001":-0.00031314779588953456,
  "c3_6p119_28_010":-0.006503157353578537,
  "c3_5p560_21_000":-0.0036704669638165655,
  "c2_5p552_6_11":0.008598445078632722,
  "c3_5p560_21_110":0.0010745368590079352,
  "c3_5p560_22_101":0.010299847454838584,
  "c3_5p560_20_011":0.008847121053825902,
  "c3_6p119_30_010":0.007835401752666726,
  "c4_3p210_39_1011":-0.023803733369589963,
  "c3_6p119_24_111":-0.0031424519601515044,
  "c3_6p420_34_010":-0.0011853936686523348,
  "c3_5p552_18_100":0.00419762440314031,
  "c3_3p210_11_001":0.004197627288009542,
  "c3_6p119_26_101":0.0034519286171814656,
  "c3_6p119_27_001":0.007835401750389437,
  "c3_5p560_20_000":0.0029053624012789214,
  "c4_4p530_40_0000":0.0001665746651811073,
  "c3_5p560_19_001":0.005553229458180375,
  "c0":-0.5402231833073787,
  "c3_6p119_29_110":-0.019243799956116803,
  "c3_6p420_33_111":0.08299638037942714,
  "c3_6p119_30_100":-0.0003030057939596986,
  "c3_6p119_30_000":0.0007569415809713931,
  "c4_5p210_43_0101":0.0010862252168735154,
  "c3_3p210_11_011":-0.006079183511445763,
  "c3_5p210_14_000":-0.0014367656623455183,
  "c4_5p210_44_0001":-0.004073553136713315,
  "c3_6p119_29_011":0.007256815556758056,
  "c4_5p210_43_1011":-0.014511887032384152,
  "c2_3p210_3_01":-0.035851657544753834,
  "c4_3p210_39_1000":0.003747551889889067,
  "c2_5p560_7_11":0.0311044100745832,
  "c3_6p119_26_100":0.0031387631546841988,
  "c3_5p552_15_000":-0.0014367656822793506,
  "c4_5p210_43_1100":-0.004896599372386845,
  "c3_5p560_19_111":0.009640777426199065,
  "c4_4p530_42_0100":0.002968495088644829,
  "c2_5p210_5_11":0.021196429726707322,
  "c3_5p210_14_111":0.0023006385519686035,
  "c2_4p530_4_00":0.0004428579039483793,
  "c3_5p560_20_101":0.002518700424403164,
  "c3_5p210_14_100":0.011353357116405505,
  "c4_3p210_39_0000":0.0033304459642606865,
  "c3_6p119_31_111":0.00022332064256058715,
  "c3_5p552_16_011":0.0010745375263212509,
  "c4_5p210_43_0000":0.0029056821367241525,
  "c3_6p119_27_010":0.005952184871043098,
  "c3_5p560_21_101":0.0010745374178640077,
  "c3_5p552_18_111":-0.008822470562512397,
  "c3_5p552_18_001":0.004197626163051638,
  "c3_5p552_16_001":0.004384533392634893,
  "c3_5p560_20_110":0.010299847386843197,
  "c3_6p119_29_111":0.022734377596172806,
  "c4_4p530_41_1100":-0.014613428569035136,
  "c4_4p530_41_1110":0.02035508020989596,
  "c3_6p420_34_100":0.07083634295137742,
  "c3_5p552_17_100":0.002679820226681784,
  "c3_5p552_18_000":-0.0036704669507603427,
  "c3_6p420_35_101":0.0013364515477718442,
  "c3_5p560_23_001":0.005553229471356058,
  "c3_6p119_31_100":0.003138763196336214,
  "c3_6p420_32_110":0.025350950343181466,
  "c3_3p210_11_101":0.0010745373985727724,
  "c3_6p420_38_111":0.09114214031385615,
  "c4_3p210_39_0011":0.004892050727381303,
  "c3_6p119_28_000":-0.00051238233546258,
  "c4_4p530_42_0101":-0.017055728085694,
  "c4_4p530_41_0101":0.031837912076383645,
  "c2_6p119_8_00":0.0008450741756860225,
  "c3_3p210_11_000":-0.0036704669550555735,
  "c3_6p119_28_001":-0.006503157325918885,
  "c2_5p210_5_00":0.0035951598466823498,
  "c3_5p560_21_100":0.004384533431746718,
  "c3_5p560_20_100":-0.004789203170293632,
  "c3_6p420_34_110":-0.010464360790564342,
  "c3_5p560_22_000":0.0029053624023447355,
  "c3_5p552_15_010":0.00805079357830607,
  "c3_4p530_12_011":0.01029984738282863,
  "c3_3p210_10_111":0.009640777501285669,
  "c3_5p552_18_010":0.004384533418004821,
  "c2_6p420_9_11":-0.48583510246143424,
  "c3_5p560_21_010":0.004197626106755337,
  "c4_4p530_42_0011":-0.007943224182799469,