{
  "c3_5p560_19_011":0.027654750167357633,
  "c3_6p119_28_111":-0.00129961872835338,
  "c3_5p560_22_110":-0.011668861534417374,
  "c4_4p530_40_0001":-0.014514139556013106,
  "c3_5p552_16_111":-0.01415558945018347,
  "c3_6p119_31_011":0.010876272569475987,
  "c4_5p210_43_0111":-0.01892007733340506,
  "c3_6p420_38_001":-0.0017410186989081922,
  "c3_6p420_35_101":0.004916734535242995,
  "c4_5p210_43_0001":-0.012384264587240068,
  "c3_6p420_33_011":-0.04076003108536952,
  "c3_5p560_23_101":-7.97624216686808e-10,
  "c4_5p210_43_1011":-0.02427198989437329,
  "c3_6p119_24_001":0.001672059546450555,
  "c3_6p119_24_111":-0.011769467253543553,
  "c3_6p420_32_101":-0.01173684776372852,
  "c3_6p420_32_000":-0.05940953959722606,
  "c2_3p197_2_11":0.010417897297870127,
  "c2_4p530_4_11":-0.01583721336066901,
  "c2_3p210_3_00":-0.0018646190960396325,
  "c3_6p420_35_000":-0.04275603979613152,
  "c3_5p560_23_100":0.000568090315297809,
  "c4_4p530_42_1111":-0.019405735372373556,
  "c4_3p210_39_0011":-0.019772326148085995,
  "c3_5p552_18_001":-8.416851991910335e-05,
  "c4_5p210_43_1000":0.00476217157421388,
  "c2_4p530_4_00":0.012657514769443878,
  "c4_5p210_44_0101":0.027139600408190745,
  "c3_6p420_36_101":-0.011736558605974778,
  "c3_5p552_16_001":-0.0007656631610757358,
  "c3_6p420_33_000":-0.05458541278289886,
  "c3_5p552_15_001":0.02705096719374467,
  "c3_6p119_27_100":0.001659650224780762,
  "c3_6p420_34_011":-0.04076014573456632,
  "c3_3p210_10_011":-8.01253731446452e-10,
  "c3_5p560_23_000":0.0013033174731802433,
  "c4_4p530_42_0111":0.0050519023020569875,
  "c1_0":-0.04767275384955383,
  "c4_4p530_41_0011":0.028188866661366774,
  "c4_5p210_44_1100":0.023144930303828914,
  "c4_3p210_39_1001":-0.03406716285257971,
  "c3_6p119_29_100":0.015895462601690724,
  "c3_5p560_21_111":-0.014155606955455369,
  "c3_6p420_34_000":-0.054585444758117774,
  "c4_5p210_44_1101":-0.03265412483324326,
  "c3_6p420_33_101":-0.006912714889608651,
  "c3_6p420_34_001":-0.0004629363122603536,
  "c2_5p560_7_00":-0.001864619242510912,
  "c4_5p210_44_0001":0.008041823804546766,
  "c4_5p210_44_0111":0.0011356444720149739,
  "c2_5p560_7_11":0.027961268713340814,
  "c3_5p552_15_000":0.0003839878525440099,
  "c3_5p552_17_100":0.0061038643240181045,
  "c3_6p420_34_111":0.08765615759216416,
  "c2_5p552_6_00":0.000654691124736928,
  "c2_6p420_9_11":-0.47726522306174957,
  "c3_6p119_25_010":-0.006688776784130823,
  "c3_5p560_21_010":-8.416357741225511e-05,
  "c3_5p560_20_110":-0.0002512860776278103,
  "c4_4p530_40_1111":0.012188595196406027,
  "c4_4p530_41_0000":-0.0014206079686971407,
  "c3_5p552_16_000":-0.0018625719660860796,
  "c3_6p119_25_001":0.0016720597224377798,
  "c2_5p210_5_01":0.02025561422493638,
  "c3_6p420_35_001":-0.008950214574383608,
  "c3_5p560_22_011":0.008090466983958322,
  "c3_6p119_30_000":0.0008287788829051124,
  "c3_5p552_18_111":-0.01415559558699897,
  "c3_5p210_14_001":0.0068622150912034385,
  "c1_1":0.08028958656041141,
  "c3_6p119_27_011":-0.01113515736892623,
  "c2_3p197_2_00":0.0006546910773295167,
  "c3_6p119_29_101":0.02125765959453929,
  "c3_3p210_10_000":0.001303317476100574,
  "c3_6p420_37_000":-0.07150915059855834,
  "c3_5p552_18_011":-0.005917492001543678,
  "c3_6p119_31_100":-0.000901445648509025,
  "c4_4p530_40_0111":-0.0016087272140907771,
  "c4_4p530_41_1111":-0.013492661269992823,
  "c4_5p210_43_1001":0.009704191750188329,
  "c2_6p420_9_00":-0.5908118452550752,
  "c3_5p560_23_001":0.0005680900620887996,
  "c3_5p210_14_111":0.007840643492613708,
  "c4_5p210_43_0000":0.001567985824351581,
  "c4_3p210_39_0001":-0.01790267956550906,
  "c3_5p210_13_001":0.006829724251474545,
  "c4_4p530_40_0000":-0.0010273798755022767,
  "c3_6p420_32_111":0.10006119010859038,
  "c3_6p119_26_000":0.0009936004105597362,
  "c4_5p210_43_0011":0.0031907683104464013,
  "c3_6p420_34_110":-0.006912678536309613,
  "c3_5p560_21_000":-0.0018625719648923678,
  "c3_6p420_36_111":0.10006119039462646,
  "c3_6p119_27_110":-0.016093373445585257,
  "c3_6p119_30_011":-0.011135161169590901,
  "c3_6p420_36_000":-0.05940949346799229,
  "c2_6p119_8_01":0.02586942107853929,
  "c3_5p552_18_000":-0.0018625719566216503,
  "c3_5p552_17_110":0.008090470227500646,
  "c3_3p210_11_001":-8.416621020046477e-05,
  "c3_5p552_15_010":0.006862214942820799,
  "c3_5p560_20_011":0.008090466400517471,
  "c2_6p119_8_00":0.002462172415448549,
  "c4_3p210_39_0111":0.018200072828591374,
  "c3_6p420_37_001":0.41776706314129797,
  "c3_6p119_28_000":0.0009936004314035074,
  "c3_6p119_31_000":0.000993600452527943,
  "c3_4p530_12_100":-0.0035552082719050304,
  "c4_4p530_41_1101":0.0044502713607244004,
  "c0":-0.5340385343961316,
  "c3_5p210_13_000":0.004331230450333123,
  "c3_5p560_20_010":0.006103864377053014,
  "c3_6p420_38_000":-0.06596521436621572,
  "c3_6p420_32_001":0.001318484941620568,
  "c2_4p530_4_01":-0.006953304480362021,
  "c3_6p420_33_001":-0.00046293646551021084,
  "c3_5p560_22_100":-0.005565691344315837,
  "c3_4p530_12_010":-0.005565680155427799,
  "c3_3p210_11_100":-0.0007656637171749026,
  "c3_3p210_11_111":-0.014155597335957282,
  "c3_6p119_30_010":0.019436088291598708,
  "c3_5p552_16_110":-0.007546813206715797,
  "c3_6p119_30_110":0.005560040158115953,
  "c3_6p119_30_111":0.011771852653964743,
  "c3_6p119_31_111":-0.0012996121863579901,
  "c4_5p210_44_0000":0.006906848689453682,
  "c3_6p119_30_101":-0.016093371596241468,
  "c3_5p552_15_110":-0.004053654100971471,
  "c3_6p420_37_111":-0.2571878871976878,
  "c3_6p420_35_100":0.09148818811763704,
  "c4_4p530_42_1101":0.004391976353645077,
  "c4_5p210_43_1111":-0.01837148359072671,
  "c3_5p560_21_100":-0.0007656637160380342,
  "c3_6p119_28_011":0.010876270882818062,
  "c3_5p560_21_110":-0.005917492172130778,
  "c4_3p210_39_1111":-0.013984947470362386,
  "c3_5p210_13_011":0.004351611991694426,
  "c3_3p210_11_101":-0.005917491603099734,
  "c3_5p552_16_010":-8.41661867525545e-05,
  "c4_4p530_41_0010":0.0017553383023596325,
  "c2_3p210_3_11":0.02796126846118341,
  "c4_4p530_42_0100":0.010145694101964864,
  "c3_3p210_11_000":-0.0018625718211353615,
  "c3_5p210_14_101":-0.003269433405307609,
  "c3_5p552_17_111":-0.00522111377517831,
  "c2_5p210_5_11":0.01639946607906495,
  "c3_6p119_28_110":0.005846916963037074,
  "c3_6p119_31_001":-0.005037716025100281,
  "c3_5p560_20_001":-0.0035552097322693044,
  "c3_5p560_20_000":0.0006921847532197489,
  "c3_5p552_17_000":0.0006921847502354694,
  "c3_6p119_30_100":0.0016596503526784545,
  "c3_6p119_26_100":-0.0009014437830217048,
  "c3_5p552_17_010":-0.0035552080805700825,
  "c3_6p420_36_001":0.0013184850121206182,
  "c4_5p210_44_0011":0.003481248356820288,
  "c3_5p210_14_011":-0.004053659333976611,
  "c3_6p420_33_111":0.08765615523134329,
  "c2_5p552_6_11":0.010417899929080932,
  "c3_6p420_32_110":-0.011736725717810259,
  "c3_6p420_36_100":0.060517985374190175,
  "c3_6p420_38_111":0.09513773965591099,
  "c3_3p210_11_011":-0.007546813211206427,
  "c3_5p560_22_010":-0.0035552089150314714,
  "c3_5p560_23_011":-7.971818772875764e-10,
  "c3_6p119_27_101":0.005560041157423257,
  "c3_5p560_20_100":-0.005565687449859524,
  "c4_5p210_43_1101":-0.017347201355505604,
  "c3_6p119_25_111":-0.011769470631406875,
  "c3_5p552_15_111":0.00784064438846599,
  "c3_3p210_10_111":0.009061945498615387,
  "c3_4p530_12_011":-0.00025128827610387816,
  "c3_5p560_20_101":-0.011668869453217212,
  "c3_5p552_17_001":-0.005565687806722508,
  "c4_4p530_40_0011":-0.011601022579725395,
  "c4_4p530_42_0001":0.0160334115518026,
  "c3_6p119_25_110":0.008154062726816846,
  "c3_4p530_12_110":-0.011668869734307918,
  "c3_4p530_12_001":0.006103864324870756,
  "c3_6p420_34_100":0.07292302032396947,
  "c4_4p530_41_0101":0.009464173813512389,
  "c3_6p420_32_011":-0.035936041998922974,
  "c3_6p420_35_111":0.0690909876564092,
  "c3_6p420_32_010":0.0013184849728986592,
  "c4_3p210_39_0000":0.0008055024805635469,
  "c3_6p119_27_010":0.007216815851506908,
  "c4_4p530_42_0011":0.004366471880985046,
  "c3_6p119_29_001":-0.002804388956803905,