{
  "c3_5p210_13_101":0.032158246672679525,
  "c4_4p530_41_1100":0.025070241599223664,
  "c2_5p560_7_00":-0.001481716254602361,
  "c2_5p552_6_11":-0.0347464618680533,
  "c2_6p420_9_00":-0.9203576742875157,
  "c4_4p530_41_0101":-0.001522125083283754,
  "c3_3p210_10_000":0.0009623693957792057,
  "c4_5p210_44_1100":0.0018097434071933094,
  "c2_6p119_8_00":0.0009443524961483263,
  "c3_4p530_12_000":0.014770564372838635,
  "c4_4p530_41_0001":-0.012260298860610419,
  "c3_3p210_11_001":-0.02004043331135108,
  "c4_4p530_40_1111":0.04638825639813149,
  "c4_4p530_41_0010":0.009064996489655641,
  "c2_5p560_7_11":-0.0502093836585118,
  "c4_5p210_43_0000":0.003291580021397067,
  "c4_5p210_44_0000":0.0039023808698672724,
  "c3_4p530_12_011":0.050263684413948795,
  "c2_3p210_3_01":0.03328315135149751,
  "c4_5p210_44_1101":0.014560424207957112,
  "c4_4p530_42_0101":-0.052221350313629955,
  "c4_4p530_42_0100":0.007101864840237226,
  "c4_4p530_40_0111":0.005922727336837852,
  "c2_5p552_6_01":0.05288971546542598,
  "c4_5p210_43_0101":0.010949242998776754,
  "c2_3p197_2_11":-0.03474650483985897,
  "c4_5p210_44_0100":0.0100945085229327,
  "c4_4p530_41_1101":0.01760126279805263,
  "c0":-0.7310148078977363,
  "c2_6p119_8_01":-0.00806258312582031,
  "c2_4p530_4_00":0.007341498960158788,
  "c2_3p197_2_01":0.052889671610500955,
  "c3_3p210_11_011":0.0516560823502914,
  "c2_6p420_9_01":0.3780145191894917,
  "c4_5p210_43_1100":0.008696424757090426,
  "c4_5p210_43_1101":0.04530455327585514,
  "c3_3p210_11_100":0.0005806593699162477,
  "c4_5p210_44_0101":0.0017372533361594833,
  "c3_5p210_13_011":0.028968422247999115,
  "c4_4p530_42_0111":0.02346558964200085,
  "c3_5p210_14_101":0.036243499306692684,
  "c4_5p210_43_1001":0.017296507789581028,
  "c4_5p210_43_1011":0.06970203961100196,
  "c4_5p210_44_0001":-0.0041427240093412365,
  "c4_4p530_42_0001":0.004437635105659865,
  "c4_3p210_39_1000":-0.005690193076247851,
  "c4_5p210_43_0011":0.0032903084793360904,
  "c3_5p210_14_000":0.009108219798122263,
  "c3_4p530_12_111":-0.037370141930296086,
  "c4_3p210_39_0001":-0.011138675867300663,
  "c4_4p530_40_0000":0.0003098519570556846,
  "c4_5p210_43_1111":-0.06445807340605825,
  "c3_5p210_13_000":-0.005979716371712129,
  "c4_4p530_42_0011":-0.009246684594359067,
  "c4_3p210_39_0111":9.362199489260092e-05,
  "c2_5p560_7_01":0.03328310851020433,
  "c4_3p210_39_0011":0.00013410175779426936,
  "c4_4p530_40_0001":0.0034298383355917395,
  "c4_4p530_41_0110":-0.0009599662444088608,
  "c2_5p552_6_00":-0.0015696169691068462,
  "c2_4p530_4_11":-0.05166577206546208,
  "c4_5p210_43_0100":0.006384298714465331,
  "c4_5p210_44_0111":-0.006328788629616611,
  "c3_3p210_11_000":-0.01341665419840865,
  "c2_6p119_8_11":0.009046817738635582,
  "c3_5p210_14_111":-0.043207677437749226,
  "c3_4p530_12_100":0.06911500344813248,
  "c2_6p420_9_11":-0.5416719296190422,
  "c4_3p210_39_1111":0.0037214021667750785,
  "c3_3p210_10_001":-0.005605710150121013,
  "c2_4p530_4_01":0.03239811138882942,
  "c4_3p210_39_1011":0.001783213512680959,
  "c2_5p210_5_01":0.027554746167879784,
  "c4_4p530_42_1100":0.039934168016770855,
  "c3_5p210_13_100":0.0036182634689794213,
  "c4_4p530_42_1111":-0.0986409573470155,
  "c4_5p210_43_0001":-0.0028112755458096217,
  "c3_3p210_11_101":-0.009906530319767626,
  "c4_5p210_43_0111":0.029418798447295558,
  "c4_4p530_41_0011":0.008712654258488328,
  "c4_5p210_43_1000":-0.009764758201754375,
  "c4_4p530_40_0011":-0.014319743838314025,
  "c2_5p210_5_00":0.006897137983287394,
  "c3_5p210_14_001":0.012674752094426367,
  "c4_3p210_39_1001":-0.02024127392974151,
  "c3_5p210_13_001":0.009029002528734509,
  "c4_5p210_44_0011":0.02566796221617551,
  "c3_3p210_10_111":-0.036693956816634454,
  "c3_3p210_11_111":-0.021813356986967847,
  "c2_3p197_2_00":-0.0015696169606371768,
  "c3_3p210_10_011":-0.016973060177406296,
  "c4_4p530_42_1101":0.009111064991884632,
  "c2_3p210_3_11":-0.05020937886729371,
  "c1_0":-0.5345932598465879,
  "c2_3p210_3_00":-0.0014817159299127525,
  "c3_4p530_12_110":0.0772495648052427,
  "c3_5p210_14_011":0.00783491799938929,
  "c4_4p530_41_0000":-0.003456028811001488,
  "c3_5p210_13_111":-0.055661861199041596,
  "c3_4p530_12_010":-0.016888196747459006,
  "c4_4p530_41_0111":-0.042847334178986785,
  "c2_5p210_5_11":-0.04307518064888427,
  "c1_1":0.2677712643198902,
  "c4_4p530_42_0000":-0.0009015539773145065,
  "c3_4p530_12_001":-0.004302130952964944,
  "c4_3p210_39_0000":0.003929324700266079,
  "c4_5p210_44_1111":0.012156818926086999,
  "c4_4p530_41_1111":0.03418164267168322,
  "c3_5p210_14_100":0.020781089419870113,
  "c3_4p530_12_101":0.04652117865225591,
  "c4_4p530_41_0100":0.0114107948770652,
  "c4_4p530_41_1110":-0.008560710410165484
}