{
  "c4_5p210_43_0100":0.002905064906833843,
  "c4_4p530_41_0110":-0.007490657959579039,
  "c2_3p197_2_01":0.11918699288844437,
  "c4_4p530_40_0000":0.0009828086261514102,
  "c4_3p210_39_1011":0.0007215785681182751,
  "c0":-2.180479528631622,
  "c2_3p210_3_11":-0.035197315126424655,
  "c3_3p210_10_001":0.0013496567705715279,
  "c3_5p210_14_111":-0.02786816805928538,
  "c3_3p210_11_101":0.025419550765946042,
  "c2_5p210_5_01":0.02197241296971697,
  "c4_4p530_41_0101":0.011501756020152243,
  "c2_4p530_4_00":0.006176617215601254,
  "c4_4p530_42_0001":0.004754590529373104,
  "c4_4p530_42_0101":-0.06369841653781805,
  "c2_3p197_2_00":-0.0063073549481487134,
  "c3_3p210_11_100":-0.004257064511875797,
  "c3_5p210_14_100":0.02789552045851451,
  "c4_4p530_42_1101":0.027018141897769965,
  "c3_3p210_10_111":-0.012447239369066665,
  "c4_5p210_43_1100":0.018228523021662113,
  "c4_4p530_42_0111":0.007199568394980815,
  "c4_3p210_39_1000":-0.005626376195635885,
  "c3_3p210_10_000":0.0005271480084587665,
  "c3_4p530_12_001":-0.0015227149697238929,
  "c4_5p210_44_0000":0.003506896257938763,
  "c4_5p210_44_0001":-0.004543985716566112,
  "c4_4p530_41_0111":-0.03517094788344366,
  "c4_5p210_43_1001":0.024339825146398653,
  "c4_4p530_42_1100":0.03380716392143768,
  "c4_3p210_39_0000":0.0033844824038524735,
  "c4_4p530_41_0000":-0.003930871448773132,
  "c4_5p210_44_1100":0.00349563041163492,
  "c3_5p210_14_011":0.009500654616658721,
  "c2_3p197_2_11":-0.08187019967226661,
  "c4_5p210_43_0000":0.0029950119435540046,
  "c4_5p210_43_1101":0.038799434467364335,
  "c3_5p210_13_001":0.011904196295859037,
  "c4_4p530_40_0011":-0.0017394955124245826,
  "c4_4p530_42_0100":0.005307411156991293,
  "c4_4p530_42_0011":-0.005414873786889984,
  "c2_5p210_5_11":-0.03656800299449969,
  "c4_5p210_44_0111":0.0004076820823684102,
  "c2_5p210_5_00":0.010696754259697627,
  "c3_5p210_14_000":0.005787294986276947,
  "c3_3p210_11_111":-0.032707126909372164,
  "c3_4p530_12_100":0.06046142452987624,
  "c4_4p530_42_1111":-0.05832596594154893,
  "c3_3p210_11_000":-0.00896239333962967,
  "c4_5p210_43_1011":0.06325535107134783,
  "c3_4p530_12_111":-0.047410365740006455,
  "c2_3p210_3_00":-0.0022690983496431727,
  "c3_4p530_12_101":0.06779381835985987,
  "c2_4p530_4_01":0.04028591528526704,
  "c4_4p530_41_0011":0.004838197149751977,
  "c1_1":0.5720186339240172,
  "c1_0":-0.7878964918252223,
  "c4_4p530_41_0010":0.008730775254093714,
  "c4_5p210_43_0001":-0.0024258441719524626,
  "c4_3p210_39_1001":-0.008875876684271589,
  "c3_4p530_12_011":0.03982255119262845,
  "c4_5p210_43_1111":-0.06595366031342564,
  "c3_4p530_12_000":0.013963898185068047,
  "c4_5p210_44_1101":-0.0017103370098539017,
  "c4_3p210_39_0001":-0.004215237496197233,
  "c4_5p210_44_1111":0.021452833509101765,
  "c3_4p530_12_010":-0.025469794327818818,
  "c3_4p530_12_110":0.0823726858484406,
  "c4_5p210_43_0101":0.003166641815823823,
  "c4_5p210_43_0111":0.028048078759184136,
  "c4_4p530_41_1101":0.01396266233859933,
  "c4_4p530_40_0001":0.0019427393716000552,
  "c3_5p210_14_001":0.008082207680445208,
  "c4_4p530_40_1111":0.053363352535598096,
  "c4_5p210_44_0100":0.007715322666058455,
  "c4_3p210_39_0011":-0.00744973508426483,
  "c3_5p210_13_100":0.009533161012086566,
  "c3_5p210_14_101":0.02142893135214763,
  "c4_4p530_41_0100":0.011789289223088417,
  "c3_5p210_13_111":-0.05406760066080096,
  "c2_4p530_4_11":-0.06603570097286138,
  "c3_3p210_10_011":-0.00994894279529035,
  "c3_5p210_13_011":0.02683612179271222,
  "c4_5p210_44_0011":0.02046573103780247,
  "c3_3p210_11_011":0.041572117092755434,
  "c4_5p210_44_0101":0.00012250893678356078,
  "c4_3p210_39_0111":0.011595209103575144,
  "c4_4p530_41_1100":0.014752760126157227,
  "c4_3p210_39_1111":-0.010051534583908506,
  "c4_5p210_43_0011":-0.001552949830511352,
  "c3_3p210_11_001":-0.023896270229215588,
  "c4_4p530_42_0000":0.00038210422795259547,
  "c4_4p530_41_1110":0.0037424554384415387,
  "c2_3p210_3_01":0.0777116412371015,
  "c3_5p210_13_000":-0.007148427969845272,
  "c3_5p210_13_101":0.022876171124607936,
  "c4_4p530_40_0111":0.004638857619283954,
  "c4_4p530_41_0001":-0.01040476428488546,
  "c4_4p530_41_1111":0.0028247360314708203,
  "c4_5p210_43_1000":-0.011603703341194205
}