{
  "c3_6p420_34_000":-0.49457397786869706,
  "c2_4p530_4_11":-0.006219254017654663,
  "c2_3p197_2_01":-0.02441345800248662,
  "c4_4p530_41_1100":-0.00906923641077384,
  "c3_6p420_36_000":-0.021679002778838274,
  "c3_6p119_24_011":-0.009334372183134487,
  "c3_6p119_29_001":-0.009139570533841734,
  "c4_4p530_41_0110":0.023606019669859535,
  "c3_6p119_26_101":0.0030128886448537173,
  "c3_6p420_34_101":0.017262880267070457,
  "c3_4p530_12_101":0.014684378317317837,
  "c3_6p119_31_011":0.026200804152422208,
  "c3_6p420_34_110":0.017262883012598707,
  "c4_3p210_39_0111":0.01934176057417858,
  "c4_3p210_39_1000":0.00494656341401245,
  "c3_6p420_33_001":-0.0007506543121005294,
  "c4_4p530_41_0001":-0.008385857989897882,
  "c3_6p119_25_010":-0.009382602096778658,
  "c3_5p210_14_111":0.006736558884295363,
  "c3_6p119_28_011":0.026200804222515695,
  "c2_5p552_6_11":0.004060204073125462,
  "c3_6p119_29_000":-0.0002784355306932884,
  "c4_4p530_40_0001":-0.0072426462039807404,
  "c2_5p560_7_11":0.03012013028558469,
  "c3_5p552_15_010":0.009167360599162677,
  "c3_5p552_17_011":-0.003481442606672047,
  "c3_6p119_29_010":0.0017286323241101353,
  "c3_6p420_32_111":0.09806772809448283,
  "c4_4p530_42_0000":-0.0023294254540699444,
  "c3_5p560_22_101":0.009096041320534987,
  "c2_6p420_9_11":-0.4850960387488028,
  "c4_4p530_41_0101":0.021634834926199886,
  "c3_5p560_22_110":-0.0034814386458013047,
  "c4_4p530_40_1111":0.009671355129299286,
  "c3_5p560_20_110":0.009096041335358684,
  "c4_4p530_41_0011":0.024097114310905,
  "c4_5p210_44_1101":-0.021485296863783532,
  "c3_6p119_26_001":-0.005575582223521058,
  "c3_6p420_36_101":-0.004416098815180902,
  "c3_6p119_30_100":-7.539185584959363e-05,
  "c3_6p119_30_101":0.0012743759706199675,
  "c3_6p119_28_001":-0.00557559952524489,
  "c3_6p420_33_101":0.01726290218142701,
  "c3_6p420_34_010":-0.0007506545099271733,
  "c3_5p560_19_011":-0.0010326100054367515,
  "c4_5p210_44_1111":-0.004105246721767486,
  "c3_5p560_21_000":-0.0016057177297832403,
  "c3_5p560_21_111":-0.009291224533771292,
  "c3_6p119_28_010":-0.005575601350553683,
  "c3_6p119_26_011":0.02620080432665306,
  "c3_6p119_24_000":0.0009678485221570887,
  "c3_6p119_24_010":-0.009382584181324205,
  "c3_6p119_25_111":0.0022858361570619046,
  "c3_5p560_23_111":0.011650932186185514,
  "c4_5p210_44_0111":-0.002042369563227453,
  "c3_5p560_19_001":0.007024072187690966,
  "c3_6p420_33_000":-3.1248950210576554e-10,
  "c3_5p560_20_011":0.01468436728954714,
  "c3_4p530_12_001":0.0014580429842613318,
  "c3_5p552_17_010":0.0025439092804111774,
  "c4_3p210_39_1011":-0.031023535937578117,
  "c3_6p420_32_101":-0.004416099039953991,
  "c4_4p530_42_0011":-0.003819244211360484,
  "c4_5p210_43_1111":-0.011407555652365176,
  "c2_3p197_2_00":0.0010615856926063927,
  "c3_6p119_29_101":0.012368027030133177,
  "c3_6p420_34_011":-0.034525808579584094,
  "c4_3p210_39_0011":-0.0008675650266241064,
  "c3_6p420_37_000":-0.02589435535965734,
  "c3_5p552_17_000":0.001084811767543492,
  "c3_5p210_14_001":0.00916736071076496,
  "c3_6p420_33_111":0.07964057691483006,
  "c3_5p552_15_110":-0.002353264250814391,
  "c3_5p552_18_001":0.002687819267918279,
  "c2_4p530_4_00":0.004510376614371037,
  "c3_5p560_23_000":0.0016413526890309282,
  "c3_6p119_31_100":8.825687058866549e-05,
  "c3_6p119_26_100":8.825750497587492e-05,
  "c3_6p119_30_110":0.008087914706429,
  "c3_5p552_18_000":-0.0016057177303148151,
  "c4_5p210_44_0001":-0.0041305067752194224,
  "c3_5p560_22_001":0.0014580428657939848,
  "c4_4p530_42_1111":-0.02021020190458378,
  "c3_6p119_29_111":0.009589301180225718,
  "c3_3p210_11_000":-0.001605717731668399,
  "c3_6p420_32_100":0.05547142839018715,
  "c3_5p552_18_011":0.0017717159296921636,
  "c3_6p420_35_100":0.0811672596005848,
  "c3_6p420_32_011":-0.0128467984249383,
  "c4_5p210_43_0100":0.006938255338035937,
  "c3_5p210_14_100":0.01879799323411291,
  "c4_4p530_42_0111":0.021283200209950337,
  "c3_5p210_13_101":0.017175245142502682,
  "c2_3p210_3_11":0.030120129930523376,
  "c3_5p210_13_000":0.0006278893579843015,
  "c3_6p119_31_001":-0.005575594402770223,
  "c4_4p530_42_0100":0.002734335461793691,
  "c3_6p119_29_110":-0.02022594292300184,
  "c3_5p210_14_101":-0.005469480001824678,
  "c3_5p560_23_001":0.007024072219395272,
  "c4_5p210_43_1000":0.0015341362756879917,
  "c1_0":-0.017262903439188904,
  "c4_5p210_44_0101":0.018147355683076682,
  "c3_6p420_38_011":-0.013360740159445328,
  "c3_6p420_33_100":0.07389858014770301,
  "c3_6p119_28_000":-0.0006674821291937361,
  "c3_5p210_13_001":0.0031341483111271273,
  "c3_5p560_20_111":-0.004014928096916837,
  "c3_6p420_38_101":-0.003902164190844104,
  "c4_5p210_44_0011":0.00937800664761923,
  "c3_5p552_18_111":-0.009291224148603838,
  "c4_4p530_41_1111":-0.015844868307411275,
  "c3_6p119_25_001":-0.0011963636747383544,
  "c3_4p530_12_110":-0.003481440567959737,
  "c3_6p119_31_111":0.0013482920350709193,
  "c3_5p560_21_011":0.011022259965672632,
  "c3_6p420_37_111":-0.2662451197346929,
  "c3_6p420_34_111":0.0796405761391803,
  "c3_6p119_24_001":-0.0011963637298245677,
  "c3_3p210_11_011":0.01102225993386341,
  "c2_5p560_7_01":0.006245309212943084,
  "c3_6p420_32_000":-0.021679002921710655,
  "c4_3p210_39_1111":-0.013522791565016234,
  "c2_5p552_6_01":-0.024413431498715,
  "c3_6p420_37_001":0.41978427727842743,
  "c4_3p210_39_1001":-0.018480585526312154,
  "c3_5p552_18_100":0.00268781907681781,
  "c2_3p210_3_01":0.00624530921566091,
  "c3_6p420_38_000":-0.021165065209539424,
  "c4_4p530_42_1101":0.013058908510799938,
  "c3_6p119_25_011":-0.009334372856874218,
  "c4_4p530_40_0011":-0.025860950507226477,
  "c4_5p210_43_1101":0.012407396959194017,
  "c2_6p420_9_00":-0.5936646182314401,
  "c3_6p119_30_001":0.006044992915234859,
  "c3_5p210_14_000":-0.0035996968145239894,
  "c3_6p119_27_100":-7.539182510285514e-05,
  "c3_5p552_18_101":0.01102225990063399,
  "c4_4p530_41_0000":-0.004916639061055328,
  "c3_5p560_22_010":0.002543908370146647,
  "c3_3p210_11_001":0.002687819295979388,
  "c3_6p119_24_110":0.0042203553763240365,
  "c3_5p560_20_001":0.0025439087319468756,
  "c4_5p210_43_0011":-0.010590715052639865,
  "c3_5p560_23_100":0.007024072249014579,
  "c4_4p530_41_0100":0.01684069739134486,
  "c3_5p560_23_011":-0.0010326101104833896,
  "c2_5p210_5_01":-0.0019075723659707222,
  "c2_3p197_2_11":0.004060204848787663,
  "c3_5p552_17_110":0.014684372764036446,
  "c3_4p530_12_111":-0.00401492791167124,
  "c4_4p530_41_0111":-0.010449650455377935,
  "c3_3p210_11_100":0.003146532041267358,
  "c4_5p210_43_0111":0.008448178843645238,
  "c2_5p210_5_00":0.008969138369479879,
  "c3_5p560_21_001":0.0026878192667671996,
  "c3_5p560_20_000":0.001084811743703451,
  "c3_6p420_35_011":-0.019208793984638817,
  "c3_6p420_38_001":0.0024160564233586257,
  "c3_5p552_17_101":0.009096041250968412,
  "c4_5p210_44_0100":-0.017150053956437095,
  "c3_5p552_17_111":-0.0040149280709660395,
  "c2_6p119_8_11":0.02573198916015107,
  "c3_6p420_32_001":-0.0004588181272988656,
  "c3_6p420_35_101":0.0019458913770906694,
  "c3_5p552_15_011":-0.005469479945821476,
  "c3_6p119_29_011":-0.004243012857186201,
  "c3_6p119_30_010":0.010318944063913316,
  "c3_6p420_36_011":-0.012846802124830248,
  "c3_6p420_36_111":0.098067726950549,
  "c4_4p530_41_1110":0.01920340930747244,
  "c4_4p530_40_0111":0.029957397643793016,
  "c3_4p530_12_010":-0.0062660193296597555,
  "c4_5p210_43_1011":-0.02529393507494504,
  "c3_5p552_16_010":0.0026878192459398598,
  "c3_6p119_28_101":0.0030128899704280343,
  "c3_6p119_29_100":0.007584514812871923,
  "c3_6p119_27_000":0.0011132662611202937,
  "c3_6p119_27_111":0.0040402342026784055,
  "c3_5p552_17_100":0.0014580429319760446,
  "c3_5p210_13_111":-0.01240570230937088,
  "c3_5p552_16_111":-0.009291223438186336,
  "c3_5p210_14_011":-0.0023532643758059635,
  "c3_6p420_38_100":0.05857431462924223,
  "c3_5p560_20_100":-0.006266019284296931,
  "c4_5p210_43_0101":-0.0040726447109467045,
  "c2_6p119_8_01":0.005518491979556117,
  "c2_5p560_7_00":0.0006488667604376275,